{
  "$schema": "https://developer.microsoft.com/json-schemas/spfx-build/package-solution.schema.json",
  "solution": {
    "name": "Atlas_Footer_CONNECT",
    "id": "13731d49-edd3-4934-afed-5b7cae807dcd",
    "version": "1.0.0.0",
    "includeClientSideAssets": true,
    "skipFeatureDeployment": true,
    "isDomainIsolated": false,
    "developer": {
      "name": "",
      "websiteUrl": "",
      "privacyUrl": "",
      "termsOfUseUrl": "",
      "mpnId": "Undefined-1.13.1"
    }
  },
  "paths": {
    "zippedPackage": "solution/Atlas_Footer_CONNECT.sppkg"
  }
}
